cliente_id,cluster,distance_to_cluster_0,distance_to_cluster_1,distance_to_cluster_2,assigned_distance,second_nearest_distance,margin_to_second_nearest,relative_margin,sector_dominante_modal,n_facturas_total,n_cortes_total,monto_mean,mora_promedio_hist_mean,dias_mora_observable_mean,friccion_contacto_mean,tasa_cumplimiento_mean,ratio_promesas_rotas_mean
CLI0001,0,3.4386239466276662,43.46732459714491,12.449641897915699,3.4386239466276662,12.449641897915699,9.011017951288032,0.7237973610145882,agro,33,136,16116.73911764706,20.377352941176472,22.044117647058822,0.1714110644257703,0.3723933823529411,0.6500408496732026
CLI0002,0,6.427895314838926,43.91251925151267,12.51707411514038,6.427895314838926,12.51707411514038,6.089178800301454,0.48646982068565975,manufactura,32,224,52325.7896875,48.11522321428571,32.370535714285715,0.2641776502267574,0.1607142857142857,0.5615437080280831
CLI0003,0,5.072336088817975,43.70409415529727,12.771354544603337,5.072336088817975,12.771354544603337,7.699018455785362,0.6028349169147965,salud,38,202,7313.0661881188125,34.01915841584158,20.97029702970297,0.2728390696212478,0.1386138613861386,0.5759471115178745
CLI0004,2,13.795688403578895,44.69458783642612,5.042159276124195,5.042159276124195,13.795688403578895,8.7535291274547,0.6345119483261051,construccion,10,46,85588.88,22.17608695652174,16.195652173913043,0.2661490683229813,0.3667260869565217,0.0
CLI0005,0,4.010937596646724,43.207825774186595,13.409314608983562,4.010937596646724,13.409314608983562,9.398377012336837,0.7008842201405582,retail,47,90,7622.293888888888,2.121,6.877777777777778,0.1535185185185185,0.9477977777777776,0.0
CLI0006,0,2.867826163094618,43.19014080935266,12.887243461696004,2.867826163094618,12.887243461696004,10.019417298601386,0.7774678369646318,salud,42,98,5843.981224489797,3.466632653061225,8.795918367346939,0.157312925170068,0.8786244897959183,0.036734693877551
CLI0007,0,3.272219465846614,43.084532251140395,12.282225966781194,3.272219465846614,12.282225966781194,9.01000650093458,0.7335809099509536,agro,23,65,17849.656923076924,13.631384615384617,11.538461538461538,0.092051282051282,0.6821661538461539,0.0
CLI0008,0,6.762053610047952,43.58457988191162,7.299468284368441,6.762053610047952,7.299468284368441,0.5374146743204893,0.07362381113037292,servicios,24,133,4723.801353383458,37.06857142857143,23.30075187969925,0.2030433225921947,0.1426172932330827,0.1872703737365391
CLI0009,0,3.1191684315920716,43.2726704371574,12.168372587207221,3.1191684315920716,12.168372587207221,9.04920415561515,0.7436659332020047,servicios,39,142,5639.757253521127,17.070845070422536,13.711267605633802,0.211150234741784,0.5192415492957746,0.49008524990516
CLI0010,2,17.8229564367644,46.52894388597925,9.477041638887604,9.477041638887604,17.8229564367644,8.345914797876796,0.4682676988796996,tecnologia,36,178,12370.804213483145,21.6773595505618,19.674157303370787,0.2739700374531835,0.4937432584269663,0.5172779155925223
CLI0011,0,5.260351912521265,43.01198523699734,13.939949937851374,5.260351912521265,13.939949937851374,8.679598025330108,0.6226419796359709,manufactura,25,41,40289.94804878049,1.2807317073170732,0.8292682926829268,0.048780487804878,0.923709756097561,0.1341463414634146
CLI0012,0,4.322687416429251,43.32145309771181,12.214804449443932,4.322687416429251,12.214804449443932,7.892117033014681,0.6461107965894585,agro,17,104,23534.71884615385,35.99201923076923,23.346153846153847,0.31875,0.0576923076923076,0.5205128205128206
CLI0013,0,4.824243631914489,43.65374560020524,12.480416751153237,4.824243631914489,12.480416751153237,7.6561731192387485,0.6134549247749511,manufactura,37,215,41583.503581395344,28.77018604651163,28.288372093023256,0.2946142488002953,0.2665218604651163,0.5709471352800606
CLI0014,0,3.620112530725834,42.99022117873454,12.922904174469561,3.620112530725834,12.922904174469561,9.302791643743728,0.7198685000019025,agro,20,39,20063.60948717949,1.9079487179487176,11.025641025641026,0.1324786324786324,0.8928179487179486,0.0598290598290598
CLI0015,0,3.6986859644552026,43.09205794711366,13.229619680951435,3.6986859644552026,13.229619680951435,9.530933716496232,0.7204238629942834,manufactura,41,82,50281.13451219512,1.72390243902439,4.353658536585366,0.1707317073170731,0.9158231707317072,0.0
CLI0016,0,6.610688645830442,42.98403697261771,14.641377369152694,6.610688645830442,14.641377369152694,8.030688723322253,0.548492708086452,agro,25,36,20147.44583333333,0.2991666666666666,0.6111111111111112,0.0972222222222222,0.9571277777777778,0.0
CLI0017,0,6.817015868588321,43.10426622949592,13.486762652982673,6.817015868588321,13.486762652982673,6.669746784394352,0.494540235934181,manufactura,13,39,31432.47666666667,10.613076923076925,26.46153846153846,0.104090354090354,0.893248717948718,0.0
CLI0018,0,3.108466186315718,43.37807926224472,12.336289957481089,3.108466186315718,12.336289957481089,9.22782377116537,0.7480226067132402,tecnologia,45,155,14505.259806451611,16.296193548387095,14.335483870967742,0.263763440860215,0.4485206451612903,0.0377880184331797
CLI0019,0,2.9670850487411036,43.290293396548265,12.346119309366863,2.9670850487411036,12.346119309366863,9.379034260625758,0.7596746820282216,construccion,24,95,67304.03368421053,18.287684210526315,18.84210526315789,0.2050292397660818,0.55868,0.4020676691729323
CLI0020,0,2.0644772337492627,43.10643307562279,11.67664847681687,2.0644772337492627,11.67664847681687,9.612171243067607,0.8231960790934032,manufactura,29,78,41035.068205128206,9.209358974358974,8.512820512820513,0.1948717948717948,0.5961435897435897,0.235042735042735
CLI0021,0,4.479733627057303,42.888258644055064,12.776180993214222,4.479733627057303,12.776180993214222,8.296447366156919,0.6493683339773746,construccion,9,27,88720.47814814815,8.76962962962963,13.77777777777778,0.2697530864197531,0.7896814814814815,0.0925925925925925
CLI0022,0,4.705220997448414,42.684824769748936,13.059415240029978,4.705220997448414,13.059415240029978,8.354194242581563,0.6397066092955006,agro,14,29,20250.022413793104,7.093103448275862,7.344827586206897,0.1867816091954022,0.8609137931034483,0.0
CLI0023,0,3.0038381248392914,43.011746133020274,12.613769318146964,3.0038381248392914,12.613769318146964,9.609931193307673,0.7618603885106905,retail,19,48,7605.123125000001,8.084583333333333,7.354166666666667,0.21875,0.6814874999999999,0.2465277777777777
CLI0024,0,3.3074556680331497,43.45578528849419,12.797420631987677,3.3074556680331497,12.797420631987677,9.489964963954527,0.7415529454610542,tecnologia,47,149,11618.901879194633,10.370335570469798,16.758389261744966,0.2026472781506338,0.7181395973154363,0.252713254307214
CLI0025,0,4.576008173484408,43.0348269531355,10.505018177200055,4.576008173484408,10.505018177200055,5.929010003715647,0.5643978814414513,construccion,9,34,85090.515,13.196764705882352,26.94117647058824,0.2009803921568627,0.85785,0.5
CLI0026,2,11.911682794919923,44.566670285299246,4.335725948228068,4.335725948228068,11.911682794919923,7.575956846691855,0.6360106273080776,transporte,21,124,17200.58387096774,37.100725806451614,22.306451612903224,0.1856182795698924,0.2741935483870967,0.8189865242284597
CLI0027,0,3.846513798015021,42.94064532087433,12.836420417861735,3.846513798015021,12.836420417861735,8.989906619846714,0.700343735028915,transporte,21,39,15165.322564102564,3.08948717948718,2.5128205128205128,0.1538461538461538,0.8564307692307693,0.1538461538461538
CLI0028,0,6.3219870519143635,42.892562313644376,7.708316220227797,6.3219870519143635,7.708316220227797,1.3863291683134333,0.17984850759955776,construccion,12,40,73956.81775,17.2555,11.625,0.2529166666666667,0.395225,0.2125
CLI0029,2,9.854624804431696,43.95188727375019,4.007631110680442,4.007631110680442,9.854624804431696,5.846993693751254,0.593324840852573,salud,17,73,5308.138630136987,28.375479452054797,22.726027397260275,0.1915525114155251,0.3403369863013699,0.3899543378995433
CLI0030,0,5.361010346788622,42.88064659053624,13.470864479974118,5.361010346788622,13.470864479974118,8.109854133185497,0.6020292272438538,servicios,21,36,4336.219444444444,0.2738888888888888,2.75,0.1342592592592592,0.9451444444444445,0.0
CLI0031,0,3.784355522103916,42.90145754686127,12.700459411301189,3.784355522103916,12.700459411301189,8.916103889197274,0.7020300290289893,retail,19,41,7547.010975609756,6.015609756097561,5.926829268292683,0.1609756097560975,0.6610951219512196,0.3536585365853658
CLI0032,0,4.2959818528537985,43.1355447366133,13.616089786174312,4.2959818528537985,13.616089786174312,9.320107933320514,0.6844922499544687,servicios,41,71,4519.005211267606,1.186056338028169,2.112676056338028,0.1138497652582159,0.905912676056338,0.1948356807511737
CLI0033,0,8.205716881483596,43.428734920659345,15.34882023491381,8.205716881483596,15.34882023491381,7.143103353430213,0.4653845210319075,salud,28,45,7059.737555555555,0.4346666666666666,0.3111111111111111,0.1777777777777777,0.9366133333333332,0.0
CLI0034,0,6.255660636063512,43.94885704506582,13.306177698372332,6.255660636063512,13.306177698372332,7.0505170623088205,0.5298679472145685,transporte,46,295,14447.228203389832,38.40508474576272,28.26779661016949,0.3381342480495023,0.223728813559322,0.6929321975011223
CLI0035,2,16.65464763925688,44.59885606110054,11.453174241810629,11.453174241810629,16.65464763925688,5.20147339744625,0.31231362620880626,retail,4,20,6829.616499999999,14.4655,20.05,0.4358333333333333,0.65,0.0
CLI0036,0,5.235105082816362,43.718933576574095,11.14312907310748,5.235105082816362,11.14312907310748,5.908023990291118,0.5301943423189255,agro,38,215,20919.826465116283,39.923534883720926,26.85581395348837,0.2454282022886674,0.1116279069767441,0.3486833446990766
CLI0037,0,3.6118193406454435,43.4471053340465,11.816555555870544,3.6118193406454435,11.816555555870544,8.2047362152251,0.6943424567702331,salud,46,168,5091.903630952381,15.221309523809524,15.833333333333334,0.2294713718820861,0.3450249999999999,0.232468820861678
CLI0038,0,5.416660293993034,42.94827235837872,14.02027908279445,5.416660293993034,14.02027908279445,8.603618788801416,0.6136553158460086,agro,29,51,19154.546274509805,1.1309803921568626,1.2941176470588236,0.1045751633986928,0.9595960784313724,0.0
CLI0039,2,12.363605110368978,44.29827813832661,6.28774287552585,6.28774287552585,12.363605110368978,6.075862234843128,0.4914312759591042,manufactura,6,29,36038.28689655172,20.04310344827586,19.620689655172413,0.1867816091954022,0.6810275862068965,0.4482758620689655
CLI0040,0,5.5782955573880075,43.51314128128836,13.105636881662173,5.5782955573880075,13.105636881662173,7.527341324274166,0.5743590633742236,construccion,28,106,74596.45584905661,27.716886792452836,13.632075471698114,0.1944968553459119,0.2217084905660377,0.2126460017969452
CLI0041,0,4.2215833078517315,43.08627825937433,13.409838046744266,4.2215833078517315,13.409838046744266,9.188254738892535,0.6851875993478775,servicios,25,47,5587.178085106383,0.177659574468085,4.829787234042553,0.1413373860182371,0.9410787234042552,0.0
CLI0042,0,3.2129882288396527,43.24869704869961,12.490575682953846,3.2129882288396527,12.490575682953846,9.277587454114194,0.7427670020666473,retail,43,133,7231.74030075188,15.030977443609023,12.6390977443609,0.1977443609022556,0.5630473684210526,0.4504385964912281
CLI0043,0,3.960225980965419,43.020766323222645,12.630643346451652,3.960225980965419,12.630643346451652,8.670417365486234,0.6864588863497622,manufactura,22,48,42823.96333333333,3.94375,7.479166666666667,0.1319444444444444,0.86400625,0.0
CLI0044,0,6.3445945828189725,43.93252318127142,13.360920350146918,6.3445945828189725,13.360920350146918,7.016325767327945,0.5251379084264052,agro,45,281,22804.21661921708,38.18747330960854,27.18861209964413,0.3234169349827712,0.2840953736654804,0.5771388156395346
CLI0045,0,2.583116362090057,43.32343220627846,12.517056518396872,2.583116362090057,12.517056518396872,9.933940156306814,0.793632284212064,manufactura,37,127,42642.07566929134,11.271732283464567,11.582677165354331,0.2305774278215223,0.5222992125984252,0.1290432445944256
CLI0046,0,3.514827676619233,43.296449208196734,11.42934080037792,3.514827676619233,11.42934080037792,7.914513123758687,0.6924732810047092,manufactura,20,95,39389.01105263158,24.824315789473683,24.6,0.2461528822055138,0.5277000000000001,0.2403508771929824
CLI0047,2,12.284081000217318,44.004285356131696,5.902522064238952,5.902522064238952,12.284081000217318,6.381558935978366,0.5194982787776692,servicios,9,47,5882.990000000001,67.57,17.574468085106382,0.3283687943262411,0.1489361702127659,0.648936170212766
CLI0048,2,13.754855606347313,44.90140632712113,4.7470192605719985,4.7470192605719985,13.754855606347313,9.007836345775313,0.654884108097693,servicios,29,101,5316.837524752475,19.414554455445547,12.336633663366335,0.1881188118811881,0.3403980198019802,0.4158730158730158
CLI0049,0,2.9402294109543536,43.081352497017285,11.188397881595105,2.9402294109543536,11.188397881595105,8.248168470640751,0.7372072890086412,salud,27,75,5366.158266666666,15.583733333333331,10.56,0.1956825396825396,0.6102506666666666,0.2727936507936508
CLI0050,0,4.041137096011684,43.211560167970575,13.158590787430025,4.041137096011684,13.158590787430025,9.11745369141834,0.6928898267835754,construccion,27,55,91241.33218181816,0.0,13.61818181818182,0.1086868686868686,1.0,0.0
CLI0051,0,6.136330138193489,43.90394091882899,12.819468123341196,6.136330138193489,12.819468123341196,6.683137985147707,0.5213272439111031,tecnologia,46,297,12032.770841750842,51.643232323232326,28.511784511784512,0.302181871626316,0.1560441077441077,0.6882827563932733
CLI0052,2,13.729939377657777,44.69327544171701,4.04924595721805,4.04924595721805,13.729939377657777,9.680693420439727,0.7050791088118541,transporte,21,95,16235.017263157892,24.16936842105263,15.821052631578947,0.2347786131996658,0.4029431578947368,0.5673684210526315
CLI0053,0,5.369359150761205,43.58876760372926,12.670330182975466,5.369359150761205,12.670330182975466,7.300971032214261,0.5762257910235233,manufactura,27,169,42162.87952662721,42.14443786982248,26.047337278106507,0.3256128486897717,0.2426035502958579,0.7270710059171598
CLI0054,0,7.16027702425534,43.84211995772074,8.885012615069927,7.16027702425534,8.885012615069927,1.7247355908145874,0.19411740484073733,construccion,24,158,64646.36316455697,38.48088607594936,28.696202531645568,0.2874045609805103,0.0696202531645569,0.6874522804902552
CLI0055,0,2.9733613006196635,43.32733455069464,12.484519257672552,2.9733613006196635,12.484519257672552,9.51115795705289,0.7618361396821637,retail,40,151,6725.501920529801,13.93774834437086,17.4635761589404,0.2122043519394512,0.5787986754966887,0.5608320303684542
CLI0056,1,43.531551264290044,7.991313930675077,43.384106765911426,7.991313930675077,43.384106765911426,35.39279283523635,0.8158008882424621,retail,5,30,10352.635333333334,26.55666666666667,25.566666666666663,0.6041666666666666,0.6666666666666666,0.0
CLI0057,0,5.027928606762063,42.902302194993126,13.442671202252658,5.027928606762063,13.442671202252658,8.414742595490594,0.6259725071666182,construccion,25,46,79737.41282608696,6.666739130434783,4.086956521739131,0.2217391304347826,0.767854347826087,0.0
CLI0058,0,3.874580880853869,43.1463187073061,13.401730235424424,3.874580880853869,13.401730235424424,9.527149354570554,0.7108895036095938,construccion,46,83,67334.8434939759,1.829879518072289,2.0240963855421685,0.1736947791164658,0.8342614457831325,0.1626506024096385
CLI0059,0,3.722808265746318,42.883304051787015,12.550169435222147,3.722808265746318,12.550169435222147,8.827361169475829,0.703365895977609,transporte,24,47,16048.36085106383,4.247446808510638,2.5319148936170213,0.1666666666666666,0.9005531914893617,0.1808510638297872
CLI0060,0,3.176628225063423,43.395113353617496,12.430727187901356,3.176628225063423,12.430727187901356,9.254098962837933,0.7444535482883746,salud,34,140,6469.625499999999,26.99392857142857,20.357142857142858,0.1792857142857143,0.3680728571428571,0.1315093537414966
CLI0061,0,3.1453808298116015,43.15673615398754,12.407092465957774,3.1453808298116015,12.407092465957774,9.261711636146172,0.746485259262651,salud,26,86,6681.252906976744,14.355116279069769,12.418604651162791,0.2007751937984496,0.6408709302325581,0.1634022953790395
CLI0062,0,2.512464210123209,43.32046781445354,12.455031305951287,2.512464210123209,12.455031305951287,9.942567095828078,0.7982771661984744,transporte,34,118,16689.847033898306,12.133728813559324,15.38135593220339,0.1817561205273069,0.6667983050847457,0.6300780199085284
CLI0063,0,5.193173703422715,43.17638235219948,10.31160705459735,5.193173703422715,10.31160705459735,5.118433351174635,0.4963759115406382,manufactura,18,95,36762.84242105263,40.772,25.83157894736842,0.2455513784461153,0.3158715789473684,0.1350877192982456
CLI0064,0,3.4433941314648333,43.265597979890345,11.31654912852744,3.4433941314648333,11.31654912852744,7.873154997062606,0.695720480478937,tecnologia,22,78,11530.383205128206,8.254871794871795,17.012820512820515,0.1301282051282051,0.766148717948718,0.2358974358974359
CLI0065,0,3.6493742825615563,43.241084474283646,12.371922991986205,3.6493742825615563,12.371922991986205,8.722548709424649,0.7050277240712375,construccion,31,97,78434.06319587628,10.269278350515464,16.90721649484536,0.2539518900343642,0.637578350515464,0.8969072164948454
CLI0066,0,3.9016532354299076,43.46783971955778,12.751513366169169,3.9016532354299076,12.751513366169169,8.84986013073926,0.694024299438738,salud,46,154,5801.191233766234,12.43064935064935,14.876623376623376,0.2233766233766233,0.5216181818181819,0.4555141287284144
CLI0067,0,6.027483207642376,42.859951887911414,13.433015302036292,6.027483207642376,13.433015302036292,7.405532094393916,0.5512933565460408,construccion,15,28,57040.02892857143,0.7664285714285715,0.5714285714285714,0.1071428571428571,0.9041964285714286,0.0
CLI0068,2,7.438205645864366,43.5298653820681,5.654042845880218,5.654042845880218,7.438205645864366,1.7841627999841485,0.23986467770975664,manufactura,11,75,23574.376933333333,25.65813333333333,27.36,0.2256613756613756,0.2,0.7266666666666667
CLI0069,0,5.251740390431958,43.320257097453904,13.915579800921558,5.251740390431958,13.915579800921558,8.6638394104896,0.6225999587825898,retail,40,77,8523.239220779222,2.8466233766233766,2.779220779220779,0.1006493506493506,0.8673064935064936,0.0623376623376623
CLI0070,0,4.991606865565384,43.61242228732281,11.230140547678682,4.991606865565384,11.230140547678682,6.238533682113298,0.5555169728844426,construccion,37,216,79729.71273148147,37.09185185185185,27.14351851851852,0.293694885361552,0.2714152777777778,0.5232440142162363
CLI0071,0,4.797335649332483,43.097589092619536,8.670502382512701,4.797335649332483,8.670502382512701,3.873166733180218,0.4467061494604859,transporte,11,62,18072.23225806452,24.07403225806452,27.40322580645161,0.2231182795698924,0.0967741935483871,0.3422235023041474
CLI0072,0,4.502958586262972,42.966271867620286,13.490212652617005,4.502958586262972,13.490212652617005,8.987254066354033,0.6662055149005061,retail,27,52,7498.9182692307695,1.7630769230769232,1.6730769230769231,0.1987179487179487,0.928126923076923,0.0
CLI0073,0,3.4829585824763596,43.217814778254656,12.570417119942789,3.4829585824763596,12.570417119942789,9.087458537466429,0.7229241838800483,salud,48,115,6147.0890434782605,4.218173913043478,6.008695652173913,0.1378260869565217,0.8239304347826086,0.0
CLI0074,0,3.6180179910531667,43.3360975589413,11.224791061471862,3.6180179910531667,11.224791061471862,7.606773070418695,0.6776761392493349,transporte,23,127,14907.246692913386,25.70338582677165,20.10236220472441,0.2938413948256468,0.1734244094488189,0.4480314960629921
CLI0075,0,4.785436134056141,43.51403076186122,9.831785606389813,4.785436134056141,9.831785606389813,5.046349472333672,0.5132688683786981,transporte,35,194,15548.46613402062,36.81922680412372,21.164948453608247,0.2503150057273768,0.2862252577319588,0.4833844706267386
CLI0076,0,5.190278280658725,43.731613271244996,12.957519803817215,5.190278280658725,12.957519803817215,7.76724152315849,0.5994389081211593,construccion,43,241,81662.17597510373,46.21145228215768,25.8298755186722,0.1935552921030099,0.1161825726141078,0.5161591539930381
CLI0077,0,4.24413129001458,43.32245812711998,11.090509253758741,4.24413129001458,11.090509253758741,6.846377963744161,0.617318628666562,retail,19,109,9489.365504587156,42.550275229357794,23.146788990825687,0.2283493519732052,0.1559633027522936,0.5126256006989952
CLI0078,0,3.3230374436783094,43.35107713737232,13.028434230709472,3.3230374436783094,13.028434230709472,9.705396787031162,0.7449396155490781,transporte,45,99,15188.778181818185,1.5132323232323233,9.464646464646464,0.1449494949494949,0.9533131313131312,0.0137085137085137
CLI0079,0,3.83117735954331,43.15990829352939,10.739918770567442,3.83117735954331,10.739918770567442,6.908741411024132,0.6432768774711235,servicios,20,77,5341.724025974026,13.731818181818184,21.363636363636363,0.1725108225108225,0.5795064935064935,0.1238095238095238
CLI0080,0,4.186295038928152,43.15713521080343,13.439026907585765,4.186295038928152,13.439026907585765,9.252731868657612,0.6884971607159173,manufactura,33,60,41504.70916666666,1.4183333333333332,2.5,0.1527777777777777,0.9425233333333334,0.0
CLI0081,0,3.4021901050533074,43.33785394148712,11.130595012359533,3.4021901050533074,11.130595012359533,7.728404907306226,0.6943388829370327,manufactura,23,120,40261.32633333334,25.93383333333333,19.85,0.2044444444444444,0.2558741666666667,0.3600673400673401
CLI0082,0,3.3478519439793835,43.3938467762191,12.519684324294317,3.3478519439793835,12.519684324294317,9.171832380314934,0.7325929426604701,construccion,35,145,93048.79703448276,18.60737931034483,16.47586206896552,0.2368965517241379,0.4352703448275862,0.2022744688261929
CLI0083,0,2.940354445303178,43.1519920746873,11.71601776153973,2.940354445303178,11.71601776153973,8.775663316236551,0.7490312403796873,salud,35,90,7131.46988888889,9.787888888888888,7.811111111111111,0.1944444444444444,0.4914655555555555,0.3148148148148148
CLI0084,0,4.851319384758855,42.98940253132188,13.555592336187262,4.851319384758855,13.555592336187262,8.704272951428408,0.6421167541452217,agro,27,44,20861.863181818186,1.1327272727272728,1.9318181818181817,0.2045454545454545,0.9291340909090908,0.0
CLI0085,0,2.630453095343794,43.23923802990364,12.605288855975,2.630453095343794,12.605288855975,9.974835760631205,0.7913214742320689,tecnologia,42,126,12002.089047619049,13.339603174603177,12.07936507936508,0.1747291509196271,0.5546642857142857,0.1302188552188552
CLI0086,0,3.611891970325716,43.505096089696316,12.60653759714818,3.611891970325716,12.60653759714818,8.994645626822463,0.7134905645192546,servicios,43,173,5377.27612716763,28.242485549132947,15.560693641618498,0.2276218001651527,0.1114971098265896,0.2876298075720041
CLI0087,0,3.9542403559223964,43.30950502778841,12.289182036342217,3.9542403559223964,12.289182036342217,8.33494168041982,0.6782340481059921,manufactura,30,166,44711.76240963856,30.39126506024096,28.728915662650603,0.2833142092178237,0.4231951807228916,0.2831380466922635
CLI0088,0,3.5175984872380512,43.46532420109155,12.717975710068659,3.5175984872380512,12.717975710068659,9.200377222830607,0.7234152220896904,manufactura,41,161,40729.35229813665,17.20465838509317,14.583850931677018,0.1917184265010352,0.4144422360248447,0.1888659218628162
CLI0089,0,5.422753887319369,43.156529377121586,8.219409239585703,5.422753887319369,8.219409239585703,2.7966553522663338,0.3402501652791896,agro,9,49,19784.26714285714,20.31122448979592,22.10204081632653,0.1506802721088435,0.4540877551020408,0.3265306122448979
CLI0090,0,3.233792786926525,43.01285899400572,12.314599384665483,3.233792786926525,12.314599384665483,9.080806597738958,0.7374017062257548,manufactura,23,78,33607.32294871795,16.801923076923078,17.474358974358974,0.1625,0.6310846153846155,0.1307692307692307
CLI0091,0,8.269010268008802,43.0191142590836,15.35533478382139,8.269010268008802,15.35533478382139,7.086324515812587,0.4614894182104609,servicios,9,15,5092.558,0.0,0.0,0.0666666666666666,1.0,0.0
CLI0092,0,5.997827045267951,43.317308564025026,12.06812677895001,5.997827045267951,12.06812677895001,6.0702997336820586,0.5030026486190268,agro,13,90,12610.463,57.029,28.73333333333333,0.2963668430335097,0.2888888888888888,0.0907407407407407
CLI0093,0,5.100459037655138,43.16774156125452,12.466907515868431,5.100459037655138,12.466907515868431,7.366448478213293,0.5908801736787532,agro,11,54,18308.17537037037,24.75740740740741,19.296296296296298,0.3236111111111111,0.2592592592592592,0.6111111111111112
CLI0094,0,3.2979575302380986,43.20987276809506,12.287842659949664,3.2979575302380986,12.287842659949664,8.989885129711565,0.731608092526503,servicios,23,84,4955.008333333333,14.954404761904764,15.571428571428571,0.2831349206349206,0.4685821428571429,0.3534580498866213
CLI0095,0,5.155819131552818,43.754979997428634,12.903418174862571,5.155819131552818,12.903418174862571,7.747599043309753,0.6004299743151019,manufactura,46,248,40863.41625,35.143185483870965,26.00403225806452,0.2446060547875063,0.1330645161290322,0.6300169105559598
CLI0096,0,3.723811049437297,43.106128733702285,12.615480141708638,3.723811049437297,12.615480141708638,8.891669092271341,0.704822090985992,construccion,15,39,66593.98461538462,11.35051282051282,14.512820512820513,0.1517094017094017,0.4813871794871795,0.0
CLI0097,0,3.6837748043708163,42.940848838616674,10.06507642539198,3.6837748043708163,10.06507642539198,6.381301621021164,0.6340042888221434,agro,9,34,16472.201470588236,11.357058823529412,14.117647058823527,0.2254901960784313,0.4617529411764706,0.5882352941176471
CLI0098,0,2.829155199477287,43.09551797888867,12.625885302901207,2.829155199477287,12.625885302901207,9.796730103423918,0.7759242119182567,retail,23,62,9523.742741935484,11.31951612903226,7.516129032258065,0.1182795698924731,0.6075983870967743,0.3051075268817204
CLI0099,0,4.775528704660969,43.050540622212814,13.710157850786302,4.775528704660969,13.710157850786302,8.934629146125333,0.6516795242888408,agro,30,51,23115.873333333333,2.966666666666667,1.2352941176470589,0.1143790849673202,0.7504294117647059,0.0
CLI0100,0,3.7089027810388444,42.9487355440334,13.10567412726132,3.7089027810388444,13.10567412726132,9.396771346222476,0.7170002286777528,servicios,29,57,5011.443684210526,6.125964912280702,4.368421052631579,0.1096491228070175,0.6365894736842106,0.0
CLI0101,0,4.536495952757966,42.915130847863324,12.92686819437374,4.536495952757966,12.92686819437374,8.390372241615772,0.6490645773945137,transporte,22,39,18930.006666666668,1.2125641025641023,1.3333333333333333,0.082051282051282,0.9608461538461538,0.0
CLI0102,0,4.437648646473522,42.951039516653665,8.917794654130129,4.437648646473522,8.917794654130129,4.480146007656606,0.5023827281761529,manufactura,16,45,39720.46466666667,9.832222222222224,8.755555555555556,0.2053968253968253,0.6865111111111111,0.0
CLI0103,0,4.905492941044929,42.77906139371176,12.97605050939461,4.905492941044929,12.97605050939461,8.070557568349681,0.6219579341577491,servicios,15,37,5220.898108108107,7.895675675675675,4.648648648648648,0.3175675675675675,0.7145459459459459,0.7108108108108109
CLI0104,0,5.765715836187774,42.676346614036326,12.144669654333873,5.765715836187774,12.144669654333873,6.3789538181460985,0.5252472071868785,tecnologia,6,12,16422.485833333336,2.645,2.583333333333333,0.1666666666666666,0.8111166666666666,0.0
CLI0105,0,6.100182339166234,43.838198842289465,13.270628661064478,6.100182339166234,13.270628661064478,7.170446321898244,0.540324539630595,retail,42,259,7396.06138996139,47.26710424710425,26.613899613899616,0.3139808175522461,0.1883571428571428,0.5907144911163911
CLI0106,0,9.13006267702142,43.06089820171905,15.935844683683468,9.13006267702142,15.935844683683468,6.805782006662048,0.4270738164027421,retail,12,17,8011.392352941176,0.0,0.0,0.0588235294117647,1.0,0.0
CLI0107,0,2.404138874785304,43.19394378017655,11.571551887982137,2.404138874785304,11.571551887982137,9.167413013196834,0.7922371261816517,construccion,34,101,68922.22316831684,17.674554455445545,11.257425742574258,0.2336633663366336,0.6016366336633664,0.1523691654879773
CLI0108,0,5.658121582164421,43.86435228371927,13.294901720970362,5.658121582164421,13.294901720970362,7.636780138805941,0.5744141851579292,salud,48,269,5746.221598513012,35.24423791821562,23.50557620817844,0.2214477488641057,0.0892193308550185,0.6816219106252113
CLI0109,0,10.224048845492565,43.296362426981034,16.715707082857584,10.224048845492565,16.715707082857584,6.491658237365019,0.38835678354416686,construccion,14,19,93666.2905263158,0.0,0.0,0.0,1.0,0.0
CLI0110,0,5.826498979250431,43.03576321110517,14.246033148335648,5.826498979250431,14.246033148335648,8.419534169085217,0.5910090255594319,servicios,44,71,4818.195915492957,0.2815492957746479,0.7183098591549296,0.2417840375586854,0.9708281690140844,0.0774647887323943
CLI0111,0,5.21657975048543,42.89407554780269,11.81747790661792,5.21657975048543,11.81747790661792,6.600898156132491,0.558570805741546,tecnologia,11,25,13308.4448,3.642,1.84,0.1,0.79896,0.0
CLI0112,2,10.350935013681507,43.250017373750765,9.450143404538174,9.450143404538174,10.350935013681507,0.900791609143333,0.08702514390755017,construccion,5,13,102829.02384615384,4.896153846153846,6.615384615384615,0.1025641025641025,0.7948846153846153,0.0
CLI0113,2,8.706639114568732,43.66889447569381,6.142142087709231,6.142142087709231,8.706639114568732,2.5644970268595015,0.29454500101748265,manufactura,18,116,35531.667931034484,36.69181034482759,30.370689655172413,0.2675766283524904,0.5179689655172414,0.3936781609195402
CLI0114,0,5.362491574339902,43.43111705925321,8.18335836952053,5.362491574339902,8.18335836952053,2.8208667951806277,0.3447077187389393,transporte,21,102,12192.873725490195,30.287843137254903,20.705882352941178,0.2506535947712418,0.4096774509803921,0.5365093512152336
CLI0115,0,3.042733786066519,43.43935189224375,12.461817116051147,3.042733786066519,12.461817116051147,9.419083329984629,0.7558354646251871,transporte,36,153,15205.99640522876,16.899607843137254,17.431372549019606,0.1818082788671024,0.5130333333333333,0.2508403361344538
CLI0116,0,4.391140493778416,43.58164686389917,12.685364426404261,4.391140493778416,12.685364426404261,8.294223932625844,0.6538419909609873,construccion,34,173,73717.78751445087,27.45624277456648,21.86705202312139,0.262732819524727,0.3010260115606936,0.692251157641331
CLI0117,0,5.266898326695987,43.37496036557329,9.645509216600642,5.266898326695987,9.645509216600642,4.378610889904655,0.4539533156392343,construccion,15,91,85869.31230769231,29.2643956043956,24.64835164835165,0.3053026338740624,0.0989010989010989,0.8388278388278387
CLI0118,0,4.439564078585455,43.05249063068953,13.454407392128948,4.439564078585455,13.454407392128948,9.014843313543492,0.6700290136016935,manufactura,36,60,45682.7955,0.6448333333333333,3.316666666666667,0.1861111111111111,0.965425,0.0
CLI0119,2,7.782245930430848,43.66473172292591,5.297384985936099,5.297384985936099,7.782245930430848,2.4848609444947485,0.3192986917540371,salud,20,96,7409.564895833333,20.581979166666667,21.041666666666668,0.2454861111111111,0.0625,0.2079056649369149
CLI0120,0,3.1685814781286,43.28346241996557,12.822390449224901,3.1685814781286,12.822390449224901,9.653808971096302,0.752886835674222,retail,45,112,7230.969732142857,9.942946428571428,8.758928571428571,0.2470238095238095,0.7329625000000001,0.0995535714285714
CLI0121,2,10.654655440299207,43.759015032443465,7.777998384813827,7.777998384813827,10.654655440299207,2.8766570554853796,0.2699906225596908,agro,9,48,26645.00395833333,35.097500000000004,27.354166666666668,0.1833581349206349,0.2708333333333333,0.0
CLI0122,0,3.0736565932758304,43.25097275970864,11.094627873147527,3.0736565932758304,11.094627873147527,8.020971279871697,0.7229599200244434,agro,18,91,18353.40472527473,22.92483516483516,23.065934065934066,0.2610805860805861,0.4495923076923077,0.3633699633699633
CLI0123,0,4.175733450930872,42.94386010850329,12.601566890583848,4.175733450930872,12.601566890583848,8.425833439652976,0.6686337907668397,salud,18,38,5723.29,3.4578947368421056,7.552631578947368,0.093859649122807,0.8984157894736843,0.0
CLI0124,1,43.29202190805821,4.487537074296585,45.020713284187856,4.487537074296585,43.29202190805821,38.80448483376163,0.8963426313553332,tecnologia,5,10,15640.405000000002,0.0,0.2,0.2,1.0,0.3
CLI0125,0,7.908129554068287,43.13004108332854,15.193990477819893,7.908129554068287,15.193990477819893,7.285860923751606,0.47952254112489195,manufactura,20,30,41842.097,0.0,0.0,0.1666666666666666,1.0,0.0
CLI0126,0,3.9009951525490396,43.57179891363838,12.001373937935321,3.9009951525490396,12.001373937935321,8.100378785386281,0.6749542866739343,construccion,46,166,75897.08036144578,19.35078313253012,16.349397590361445,0.1700803212851405,0.2285475903614457,0.3366339199156536
CLI0127,0,5.735972347648886,43.68050738660209,11.741752901072793,5.735972347648886,11.741752901072793,6.005780553423907,0.5114892643393292,salud,38,209,5581.406028708135,36.14688995215311,20.076555023923444,0.2785790233158654,0.2248803827751196,0.3274603621352847
CLI0128,0,4.534842788920052,43.5419117923318,11.721245673119343,4.534842788920052,11.721245673119343,7.186402884199291,0.613109142544471,construccion,32,176,75543.20380681817,31.021988636363638,24.505681818181817,0.2204274891774892,0.2648926136363636,0.7067320936639119
CLI0129,0,3.9669939972472474,42.9016239564389,12.902063101100145,3.9669939972472474,12.902063101100145,8.935069103852898,0.6925302592180792,tecnologia,21,41,12900.31487804878,3.0480487804878047,3.5609756097560976,0.1565040650406504,0.8824024390243902,0.0
CLI0130,0,3.041049082078288,43.465067815022614,12.540183333056932,3.041049082078288,12.540183333056932,9.499134250978644,0.7574956440978149,manufactura,38,145,41981.41234482759,11.052,18.89655172413793,0.1613793103448275,0.461228275862069,0.291633079564114
CLI0131,0,2.413778043646474,43.22796279647703,12.414534322377843,2.413778043646474,12.414534322377843,10.00075627873137,0.8055683780828159,salud,39,110,7021.826727272727,12.533636363636363,11.972727272727273,0.2022077922077922,0.6821063636363637,0.0471861471861471
CLI0132,0,6.551590424864205,43.032608181947474,7.547334117211623,6.551590424864205,7.547334117211623,0.9957436923474177,0.13193316698099183,agro,18,45,22400.752666666667,3.505777777777777,15.577777777777778,0.234074074074074,0.9240622222222222,0.0
CLI0133,0,6.511661924607954,42.979497199034675,14.63785534634951,6.511661924607954,14.63785534634951,8.126193421741554,0.5551491819987223,salud,31,44,6979.392727272728,0.2479545454545454,0.1363636363636363,0.1818181818181818,0.9723386363636364,0.0
CLI0134,0,3.202553443678777,43.17331978533589,12.866078420404058,3.202553443678777,12.866078420404058,9.66352497672528,0.7510855025879594,agro,25,58,20477.16,3.1162068965517244,9.258620689655173,0.2313218390804597,0.8475499999999999,0.2097701149425287
CLI0135,0,5.657477452015352,43.53404275451638,10.34061547266069,5.657477452015352,10.34061547266069,4.683138020645338,0.45288774474082094,retail,29,199,8722.945477386935,53.47175879396985,29.4321608040201,0.3049932200685969,0.1206030150753768,0.6499401770758555
CLI0136,0,3.7761686631282374,43.54235827780789,12.592776504696145,3.7761686631282374,12.592776504696145,8.816607841567908,0.7001321621391426,salud,38,151,5288.266225165563,19.724437086092717,16.966887417218544,0.1522705771050142,0.1881119205298013,0.4811107344804267
CLI0137,2,14.677501859191405,45.00811544327787,4.617463981544,4.617463981544,14.677501859191405,10.060037877647407,0.6854053212977499,transporte,20,61,13273.35950819672,7.96688524590164,14.62295081967213,0.2423497267759563,0.590072131147541,0.1442622950819672
CLI0138,0,4.807780125994579,43.568496511664456,12.799678582073465,4.807780125994579,12.799678582073465,7.991898456078886,0.6243827456161207,servicios,43,231,5389.87038961039,41.08623376623377,23.939393939393938,0.2942606335463478,0.1298701298701298,0.3334070520502509
CLI0139,0,3.0162182436030567,43.202979378881786,12.751063863358672,3.0162182436030567,12.751063863358672,9.734845619755616,0.7634536007406856,tecnologia,39,102,12345.562352941177,9.457549019607844,7.382352941176471,0.2066993464052287,0.5892490196078431,0.772875816993464
CLI0140,0,4.482799009459453,43.33666850997485,11.31561905337307,4.482799009459453,11.31561905337307,6.832820043913617,0.60383970259911,construccion,23,127,66359.3342519685,35.049685039370075,18.65354330708661,0.3740907386576678,0.1102362204724409,0.4112610923634545
CLI0141,0,5.320686891680793,43.49261029031031,9.189562097953573,5.320686891680793,9.189562097953573,3.8688752062727803,0.4210075697877205,construccion,23,148,82124.86844594595,28.24885135135135,26.9527027027027,0.3021155083655083,0.027027027027027,0.5343629343629344
CLI0142,0,3.513152086183116,43.47351877480791,12.826177085998243,3.513152086183116,12.826177085998243,9.313024999815127,0.7260951519203438,construccion,42,135,65687.19911111111,12.506814814814817,11.851851851851851,0.2268518518518518,0.5763496296296295,0.2330409713743047
CLI0143,0,2.754116482978155,43.19577530312787,12.510780992448854,2.754116482978155,12.510780992448854,9.7566645094707,0.7798605471040968,manufactura,40,108,45018.80527777778,8.928796296296296,12.157407407407408,0.1847222222222222,0.7738425925925926,0.3220709074875741
CLI0144,0,12.692941428589648,43.39647942473441,13.78120456987952,12.692941428589648,13.78120456987952,1.0882631412898718,0.0789672002742345,construccion,7,22,65220.461818181815,27.018181818181816,12.5,0.1587121212121212,0.4939409090909091,0.0
CLI0145,0,3.842287517299062,43.30545505502887,11.687267295514943,3.842287517299062,11.687267295514943,7.8449797782158806,0.6712415811030896,construccion,17,66,80831.30045454546,11.847727272727273,20.484848484848484,0.1338383838383838,0.7807439393939394,0.2601010101010101
CLI0146,0,6.776395410358209,42.65492862319073,13.753289848498659,6.776395410358209,13.753289848498659,6.97689443814045,0.5072891297279003,retail,14,31,7340.214838709678,8.199032258064516,4.806451612903226,0.1693548387096774,0.7756903225806451,0.0
CLI0147,0,8.313394386225813,42.7759787131002,14.660479303688735,8.313394386225813,14.660479303688735,6.347084917462922,0.4329384316831938,construccion,7,17,70031.60176470588,4.1,4.411764705882353,0.088235294117647,0.9,0.0
CLI0148,0,5.592601386075398,43.293162917734584,7.33440396484941,5.592601386075398,7.33440396484941,1.7418025787740126,0.23748386196365928,transporte,19,62,18197.771612903227,9.57741935483871,16.516129032258064,0.2083333333333333,0.5578854838709678,0.1919354838709677
CLI0149,0,5.30533237931033,43.121936351857215,13.951330436621316,5.30533237931033,13.951330436621316,8.645998057310987,0.6197257026194302,manufactura,31,53,41374.83660377358,0.4086792452830188,2.358490566037736,0.0849056603773584,0.9550698113207547,0.0
CLI0150,2,10.133730323497982,43.709243973745515,5.212611310575248,5.212611310575248,10.133730323497982,4.921119012922734,0.48561771981554486,transporte,7,32,16104.875,17.5059375,16.46875,0.1578125,0.74375,0.2838541666666667
CLI0151,0,5.65540184657835,43.35445467405363,9.804365311941538,5.65540184657835,9.804365311941538,4.148963465363188,0.4231751197917754,tecnologia,22,124,15322.620887096777,40.545967741935485,22.887096774193548,0.4297075012800819,0.0730290322580645,0.3011136712749616
CLI0152,0,5.590890339712547,43.19861411254348,14.038770674276485,5.590890339712547,14.038770674276485,8.447880334563937,0.6017535673577996,salud,28,41,5399.013902439025,0.7502439024390244,2.4878048780487805,0.1105691056910569,0.9807634146341464,0.0
CLI0153,0,5.243654883670351,42.95221774538418,13.847994963351713,5.243654883670351,13.847994963351713,8.60434007968136,0.6213419417361487,transporte,23,36,15622.271944444445,2.8397222222222225,0.6666666666666666,0.1666666666666666,0.8380527777777779,0.0
CLI0154,0,3.0315996293006147,43.20367784003157,12.474006901004419,3.0315996293006147,12.474006901004419,9.442407271703804,0.7569666544711862,construccion,34,102,80088.26049019609,8.615490196078431,13.666666666666666,0.1816993464052287,0.6934196078431373,0.1934290382819794
CLI0155,0,6.297196733449091,43.72199230278851,12.156427107983298,6.297196733449091,12.156427107983298,5.8592303745342065,0.4819862219785258,transporte,31,209,13763.424976076554,51.05081339712919,27.80382775119617,0.3359744057112478,0.2822966507177033,0.5091474229245126
CLI0156,0,4.993097768030066,42.970941130161506,13.688987781324675,4.993097768030066,13.688987781324675,8.695890013294608,0.635247116310386,manufactura,20,33,47225.79151515152,3.240909090909091,0.4848484848484848,0.1212121212121212,0.8456575757575758,0.0
CLI0157,0,4.474346336085026,43.47851847993599,12.473006773386324,4.474346336085026,12.473006773386324,7.9986604373012975,0.6412776472123829,tecnologia,32,198,12887.740757575755,43.76020202020202,26.151515151515152,0.2637726471059804,0.2457878787878787,0.2720975511416688
CLI0158,2,18.52192013888831,46.506313884079056,7.946428634597768,7.946428634597768,18.52192013888831,10.57549150429054,0.57097166087475,manufactura,18,109,43368.10458715597,51.05366972477064,27.495412844036696,0.2764016309887869,0.1559633027522936,0.2755351681957186
CLI0159,0,8.806753812664338,43.05236202267105,15.72480290937239,8.806753812664338,15.72480290937239,6.918049096708051,0.4399450432911127,salud,14,21,7197.165714285715,0.0,0.0,0.1904761904761904,1.0,0.0
CLI0160,0,6.943420719467946,44.05257180308613,13.892071649382935,6.943420719467946,13.892071649382935,6.948650929914988,0.5001882444382323,manufactura,42,216,45886.78319444444,27.95351851851852,24.291666666666668,0.254673721340388,0.2678504629629629,0.3968327454438565
CLI0161,0,3.370370354554831,43.018513085917945,12.38345259019868,3.370370354554831,12.38345259019868,9.013082235643848,0.7278327405054685,transporte,24,67,19049.9076119403,10.01089552238806,14.26865671641791,0.1925373134328358,0.7385029850746269,0.5671641791044776
CLI0162,0,3.1805294278612632,43.31955734178907,12.084880646444867,3.1805294278612632,12.084880646444867,8.904351218583605,0.7368174729307805,salud,30,127,6084.8068503937,18.64086614173228,19.811023622047244,0.1846456692913385,0.4232944881889764,0.3461763739322794
CLI0163,0,4.194578924004182,43.60817677746733,12.902382379588751,4.194578924004182,12.902382379588751,8.707803455584568,0.6748988829659937,retail,47,195,6923.9202051282045,13.668820512820512,22.338461538461537,0.2342205942205942,0.4976348717948717,0.0771655829550566
CLI0164,0,2.429676424119636,43.11757319357867,12.605430136993547,2.429676424119636,12.605430136993547,10.175753712873911,0.8072516052435855,tecnologia,32,83,13508.857228915662,8.40987951807229,11.867469879518072,0.1136546184738955,0.8140240963855421,0.0897590361445783
CLI0165,0,3.5543365232069117,43.02685175810721,13.097872465119716,3.5543365232069117,13.097872465119716,9.543535941912804,0.7286325292392115,salud,36,74,5380.41918918919,4.596351351351351,5.054054054054054,0.1981981981981982,0.7368878378378378,0.0
CLI0166,2,18.53106535451672,46.56284560446532,8.495008475880548,8.495008475880548,18.53106535451672,10.036056878636172,0.54158013512105,construccion,23,127,66332.6327559055,34.57645669291339,27.88976377952756,0.2863517060367454,0.0708661417322834,0.6344206974128234
CLI0167,0,3.8720017535419053,43.41968862108059,12.801248950598993,3.8720017535419053,12.801248950598993,8.929247197057087,0.6975293763534903,salud,42,130,5918.405461538461,9.95676923076923,11.007692307692308,0.2578205128205128,0.6861238461538461,0.8509013209013209
CLI0168,0,4.081399812289464,43.06819847570907,13.3150412493086,4.081399812289464,13.3150412493086,9.233641437019134,0.6934744897991663,tecnologia,40,75,11886.062533333332,1.7924,2.546666666666667,0.1555555555555555,0.9050786666666666,0.1262222222222222
CLI0169,0,4.078224247702256,43.20919668365494,13.371757810255367,4.078224247702256,13.371757810255367,9.293533562553112,0.6950121064431415,transporte,42,79,15989.03405063291,2.496708860759494,5.6835443037974684,0.1118143459915611,0.8772898734177215,0.0
CLI0170,0,2.7590722841783952,43.16647191329618,12.389836346019454,2.7590722841783952,12.389836346019454,9.63076406184106,0.777311644228068,retail,38,98,6590.035510204081,6.839795918367346,7.959183673469388,0.2547619047619048,0.8167367346938775,0.5408163265306123
CLI0171,0,5.050405175031115,43.69396932342017,12.221443676551992,5.050405175031115,12.221443676551992,7.171038501520877,0.5867587079977465,retail,47,238,6929.674453781513,33.00605042016807,19.642857142857142,0.2627317593704148,0.1855147058823529,0.32971929716078
CLI0172,0,8.889897076056133,42.99665258217626,15.542211558441778,8.889897076056133,15.542211558441778,6.652314482385645,0.4280159523869323,servicios,5,8,5434.9725,0.0,0.0,0.125,1.0,0.0
CLI0173,0,5.7913540561513095,42.72120820091249,10.312760776615992,5.7913540561513095,10.312760776615992,4.521406720464682,0.4384283528341794,agro,8,20,24194.8915,3.6,4.85,0.1666666666666666,0.8785700000000001,0.025
CLI0174,0,10.160142397731164,43.13718458086528,16.49599660459925,10.160142397731164,16.49599660459925,6.335854206868085,0.38408435444885974,transporte,9,12,16147.1425,0.0,0.0,0.1666666666666666,1.0,0.0
CLI0175,0,5.67394141991297,43.08847985386271,13.76535176403696,5.67394141991297,13.76535176403696,8.09141034412399,0.5878099218113279,salud,16,28,6832.993928571428,2.4492857142857143,2.2857142857142856,0.0833333333333333,0.8207892857142857,0.9285714285714286
CLI0176,0,6.180986808391003,43.43876864677289,14.010230118339186,6.180986808391003,14.010230118339186,7.829243309948183,0.5588233200894979,salud,30,62,5431.295483870968,5.414516129032258,6.725806451612903,0.1387096774193548,0.8550016129032258,0.0
CLI0177,0,3.6668111024300636,43.33211863601799,11.924563917669733,3.6668111024300636,11.924563917669733,8.25775281523967,0.6924993544630501,transporte,28,146,13157.862260273972,43.735821917808224,23.815068493150687,0.2677701674277016,0.0958904109589041,0.2815691158156911
CLI0178,0,4.487109706216107,42.959946680923956,10.909259272512045,4.487109706216107,10.909259272512045,6.422149566295938,0.5886879581712542,retail,10,40,8573.17925,12.649,16.1,0.1029166666666666,0.6083475,0.675
CLI0179,2,13.36579379518555,44.512836342409486,4.555071802308661,4.555071802308661,13.36579379518555,8.81072199287689,0.6591993059215512,manufactura,11,71,43653.60352112676,30.75633802816901,28.253521126760564,0.3291974066621954,0.2676056338028169,0.2253521126760563
CLI0180,0,4.916013094216869,42.89780925735394,13.298304856764881,4.916013094216869,13.298304856764881,8.382291762548011,0.6303278389864794,construccion,11,23,76718.14695652174,8.583043478260869,12.782608695652174,0.1630434782608695,0.9212565217391304,0.0
CLI0181,0,3.9933404440812335,43.16050903767384,10.703453922404892,3.9933404440812335,10.703453922404892,6.710113478323658,0.6269110445066507,servicios,13,68,3231.2073529411764,27.737352941176468,26.735294117647054,0.1413515406162465,0.4583941176470588,0.303921568627451
CLI0182,0,3.5350629870569774,43.251013405552754,13.201403291170031,3.5350629870569774,13.201403291170031,9.666340304113053,0.7322206655544368,manufactura,41,82,46121.03597560976,3.384268292682927,6.963414634146342,0.1229674796747967,0.8804792682926829,0.2601626016260162
CLI0183,0,4.977201302085719,43.266371869327806,12.335565740096587,4.977201302085719,12.335565740096587,7.358364438010868,0.5965161706440918,agro,19,119,25067.571680672267,46.22957983193277,24.865546218487395,0.3562725090036014,0.2387529411764705,0.4552457346574993
CLI0184,2,12.86331703389416,44.57987088527674,3.6169585204623544,3.6169585204623544,12.86331703389416,9.246358513431806,0.7188160323708216,manufactura,18,98,37419.52234693878,25.13581632653061,20.448979591836736,0.3759353741496599,0.2628806122448979,0.6054421768707483
CLI0185,0,4.548510056395773,43.44730037304117,12.529132804316065,4.548510056395773,12.529132804316065,7.980622747920292,0.6369652930146218,manufactura,29,88,39734.24340909091,12.304204545454546,13.125,0.1458333333333333,0.5949977272727273,0.7859848484848485
CLI0186,0,5.274722182113795,43.716369072191775,12.859174659964479,5.274722182113795,12.859174659964479,7.584452477850684,0.5898086524529432,salud,41,216,6318.908703703703,32.33162037037037,20.689814814814813,0.2803479570840682,0.0416666666666666,0.6659894889061555
CLI0187,0,4.346646015868084,43.600941088143735,11.978472179990877,4.346646015868084,11.978472179990877,7.631826164122793,0.63712851267219,construccion,44,208,73292.85197115385,26.14139423076923,20.048076923076923,0.2841517857142857,0.2162653846153846,0.4023668639053254
CLI0188,0,2.9751720167642532,43.037722380897065,12.610638359707877,2.9751720167642532,12.610638359707877,9.635466342943625,0.7640744320866266,construccion,21,58,59108.31103448276,7.247586206896551,9.379310344827584,0.1873563218390804,0.5790344827586206,0.4301724137931034
CLI0189,0,4.035412495855964,42.986149627880295,11.382221250404516,4.035412495855964,11.382221250404516,7.346808754548552,0.6454635341311303,agro,19,53,16243.775660377358,9.822075471698112,7.320754716981132,0.210691823899371,0.7395113207547169,0.0
CLI0190,0,3.7898925737870304,43.09322255242252,13.19056547217476,3.7898925737870304,13.19056547217476,9.400672898387729,0.7126815691274392,retail,35,72,7503.089583333332,2.7558333333333334,8.347222222222221,0.2280092592592592,0.9632777777777776,0.0347222222222222
CLI0191,0,2.321653103447942,42.91464907979285,11.081021575798415,2.321653103447942,11.081021575798415,8.759368472350474,0.7904838387357205,tecnologia,31,74,14419.20337837838,12.42364864864865,8.554054054054054,0.1394144144144144,0.6319851351351351,0.0
CLI0192,2,11.9740947273732,44.08930697207718,3.5876730137764556,3.5876730137764556,11.9740947273732,8.386421713596745,0.7003804383161502,tecnologia,10,50,10404.4,29.0778,16.82,0.2829365079365079,0.26,0.45
CLI0193,0,4.616342458996806,43.5010028112953,12.651995819409963,4.616342458996806,12.651995819409963,8.035653360413157,0.6351293088546015,transporte,31,174,15585.58936781609,26.16580459770115,23.53448275862069,0.3438514869549352,0.3442448275862069,0.281879136189481
CLI0194,1,43.2795634216857,4.119912779674122,45.03005901771766,4.119912779674122,43.2795634216857,39.15965064201158,0.9048069699887547,tecnologia,6,11,14865.76909090909,0.9454545454545454,0.6363636363636364,0.2727272727272727,0.9636363636363636,0.0
CLI0195,0,2.6146013647419166,43.25479076037558,12.504999617152718,2.6146013647419166,12.504999617152718,9.890398252410801,0.7909155182095687,salud,34,109,6546.37752293578,14.181651376146789,11.46788990825688,0.1952599388379204,0.4932972477064219,0.1365886916345632
CLI0196,0,3.733469720152808,43.4923362304233,12.697750364412304,3.733469720152808,12.697750364412304,8.964280644259496,0.7059739234899027,agro,43,143,22223.53979020979,12.412867132867133,10.86013986013986,0.1186480186480186,0.5698587412587413,0.3607149260995415
CLI0197,0,4.341200073519434,43.40377412472307,11.512861073860599,4.341200073519434,11.512861073860599,7.171661000341165,0.6229260436942193,transporte,32,152,17474.48302631579,39.81888157894737,21.519736842105264,0.3416979949874686,0.0986842105263157,0.6691677109440267
CLI0198,2,14.261765391476999,45.03046023724462,3.8633658758913274,3.8633658758913274,14.261765391476999,10.398399515585671,0.7291102630113295,agro,17,81,18380.943580246912,18.677037037037035,23.765432098765437,0.2334705075445816,0.4603,0.7784832451499119
CLI0199,0,4.902718363002612,43.621875014937835,12.431566401414354,4.902718363002612,12.431566401414354,7.528848038411742,0.6056234423970238,manufactura,21,124,38887.32072580646,40.74967741935484,29.86290322580645,0.2204973118279569,0.1693548387096774,0.4609062980030722
CLI0200,0,4.989591608753939,43.761432483190724,12.866748179731799,4.989591608753939,12.866748179731799,7.87715657097786,0.612210362785079,construccion,38,224,87997.45419642857,35.651875000000004,25.303571428571427,0.1862174036281179,0.2147401785714285,0.4977298731992797
